source,target,type,intensite
S0036,S0020,amitie,4
S0180,S0430,colocation,2
S0435,S0298,amitie,3
S0474,S0391,amitie,3
S0072,S0488,amitie,1
S0448,S0034,amitie,2
S0444,S0249,amitie,2
S0177,S0152,colocation,4
S0003,S0435,colocation,3
S0248,S0476,amitie,4
S0172,S0245,amitie,3
S0465,S0178,amitie,2
S0361,S0270,amitie,4
S0283,S0082,colocation,1
S0266,S0141,colocation,2
S0116,S0488,colocation,3
S0087,S0326,cours_partage,3
S0433,S0331,amitie,4
S0206,S0337,amitie,3
S0370,S0126,colocation,2
S0197,S0490,amitie,2
S0164,S0247,cours_partage,1
S0043,S0370,amitie,3
S0013,S0467,amitie,3
S0404,S0460,amitie,2
S0196,S0233,amitie,4
S0462,S0384,amitie,1
S0428,S0413,amitie,1
S0376,S0466,cours_partage,2
S0010,S0491,colocation,3
S0124,S0182,colocation,4
S0238,S0495,cours_partage,3
S0014,S0188,amitie,1
S0285,S0483,amitie,4
S0223,S0050,amitie,1
S0082,S0423,amitie,3
S0158,S0325,amitie,4
S0343,S0053,colocation,3
S0270,S0030,amitie,4
S0170,S0157,colocation,1
S0385,S0260,amitie,4
S0444,S0385,colocation,4
S0221,S0219,colocation,2
S0122,S0455,colocation,3
S0242,S0303,cours_partage,3
S0058,S0427,amitie,4
S0499,S0380,colocation,1
S0155,S0257,amitie,2
S0000,S0111,colocation,3
S0073,S0472,amitie,2
S0489,S0145,amitie,1
S0237,S0374,colocation,3
S0176,S0275,cours_partage,1
S0381,S0432,amitie,1
S0432,S0234,colocation,2
S0279,S0021,amitie,4
S0236,S0362,colocation,3
S0117,S0151,amitie,2
S0205,S0119,cours_partage,4
S0003,S0279,amitie,4
S0109,S0401,colocation,4
S0401,S0426,cours_partage,1
S0001,S0338,amitie,2
S0236,S0151,amitie,4
S0189,S0331,amitie,3
S0039,S0448,amitie,4
S0221,S0130,colocation,1
S0286,S0307,amitie,2
S0370,S0185,amitie,1
S0110,S0149,amitie,2
S0245,S0494,cours_partage,3
S0074,S0369,amitie,1
S0123,S0154,amitie,4
S0323,S0018,amitie,3
S0450,S0151,colocation,1
S0278,S0184,amitie,4
S0353,S0322,amitie,1
S0403,S0349,amitie,1
S0125,S0487,amitie,4
S0402,S0379,amitie,4
S0367,S0051,amitie,1
S0152,S0208,amitie,2
S0041,S0450,amitie,4
S0479,S0398,amitie,3
S0359,S0390,amitie,4
S0356,S0081,amitie,3
S0097,S0078,amitie,1
S0467,S0119,amitie,3
S0107,S0124,amitie,2
S0074,S0129,colocation,2
S0382,S0311,amitie,1
S0285,S0037,cours_partage,3
S0399,S0026,colocation,3
S0461,S0482,colocation,1
S0425,S0487,amitie,2
S0070,S0308,colocation,2
S0278,S0280,colocation,3
S0324,S0290,colocation,1
S0158,S0228,amitie,2
S0038,S0322,amitie,3
S0073,S0003,colocation,4
S0207,S0166,amitie,1
S0073,S0048,colocation,1
S0304,S0368,cours_partage,3
S0155,S0304,cours_partage,3
S0249,S0003,amitie,2
S0100,S0159,cours_partage,4
S0172,S0204,colocation,1
S0353,S0438,amitie,1
S0269,S0158,amitie,3
S0355,S0245,amitie,1
S0490,S0285,cours_partage,4
S0055,S0027,amitie,2
S0429,S0034,amitie,1
S0184,S0349,colocation,1
S0024,S0435,cours_partage,1
S0499,S0219,amitie,3
S0289,S0471,cours_partage,4
S0098,S0306,amitie,1
S0135,S0078,amitie,4
S0112,S0313,cours_partage,2
S0353,S0422,amitie,3
S0276,S0256,amitie,3
S0193,S0187,cours_partage,3
S0138,S0384,amitie,1
S0073,S0451,amitie,3
S0402,S0158,amitie,1
S0321,S0442,colocation,1
S0377,S0174,colocation,2
S0121,S0115,cours_partage,1
S0255,S0104,amitie,4
S0125,S0173,amitie,4
S0233,S0395,colocation,3
S0328,S0227,amitie,1
S0374,S0081,cours_partage,4
S0379,S0239,amitie,3
S0358,S0321,amitie,2
S0040,S0452,amitie,2
S0440,S0058,cours_partage,4
S0241,S0264,amitie,4
S0009,S0388,amitie,2
S0217,S0277,amitie,3
S0135,S0149,amitie,4
S0301,S0482,amitie,4
S0056,S0206,amitie,4
S0359,S0047,colocation,4
S0172,S0088,amitie,3
S0357,S0059,amitie,3
S0024,S0043,colocation,1
S0135,S0006,amitie,2
S0441,S0419,amitie,2
S0014,S0096,amitie,2
S0326,S0318,colocation,4
S0382,S0437,colocation,2
S0044,S0015,amitie,3
S0375,S0115,colocation,4
S0490,S0240,amitie,4
S0032,S0351,amitie,2
S0014,S0286,cours_partage,4
S0171,S0496,cours_partage,1
S0040,S0305,colocation,3
S0426,S0199,amitie,4
S0135,S0359,cours_partage,3
S0084,S0281,amitie,2
S0346,S0414,colocation,3
S0430,S0090,amitie,1
S0319,S0026,colocation,4
S0329,S0469,amitie,1
S0102,S0385,amitie,2
S0377,S0053,amitie,2
S0372,S0071,amitie,3
S0437,S0133,colocation,1
S0096,S0002,colocation,1
S0210,S0130,colocation,2
S0333,S0211,cours_partage,4
S0169,S0249,colocation,3
S0307,S0195,cours_partage,2
S0201,S0418,cours_partage,2
S0495,S0049,amitie,2
S0333,S0160,amitie,4
S0410,S0420,amitie,3
S0307,S0413,amitie,3
S0440,S0131,colocation,4
S0325,S0167,colocation,2
S0497,S0319,amitie,4
S0396,S0229,amitie,1
S0224,S0240,amitie,4
S0395,S0479,colocation,1
S0455,S0491,amitie,4
S0167,S0002,amitie,2
S0256,S0498,amitie,4
S0446,S0455,amitie,1
S0454,S0433,amitie,1
S0181,S0011,amitie,3
S0103,S0081,colocation,1
S0361,S0232,amitie,4
S0036,S0062,amitie,1
S0422,S0220,amitie,2
S0473,S0319,amitie,3
S0410,S0233,amitie,3
S0473,S0177,amitie,4
S0157,S0332,amitie,4
S0424,S0072,colocation,2
S0044,S0306,amitie,2
S0089,S0344,cours_partage,1
S0070,S0213,amitie,2
S0168,S0492,amitie,3
S0132,S0488,colocation,3
S0381,S0115,cours_partage,1
S0402,S0349,amitie,1
S0224,S0157,cours_partage,3
S0112,S0023,amitie,2
S0133,S0426,cours_partage,1
S0235,S0280,amitie,1
S0307,S0169,cours_partage,2
S0087,S0294,amitie,2
S0411,S0283,cours_partage,4
S0191,S0072,colocation,2
S0165,S0041,amitie,3
S0288,S0267,amitie,3
S0030,S0041,cours_partage,4
S0391,S0436,amitie,4
S0246,S0071,cours_partage,4
S0234,S0168,amitie,1
S0182,S0034,cours_partage,4
S0379,S0449,amitie,4
S0358,S0369,amitie,1
S0160,S0425,amitie,2
S0088,S0329,amitie,1
S0421,S0102,amitie,4
S0148,S0490,amitie,1
S0323,S0198,amitie,1
S0290,S0311,amitie,1
S0466,S0021,cours_partage,3
S0301,S0497,colocation,1
S0321,S0073,amitie,1
S0288,S0166,colocation,2
S0052,S0451,amitie,1
S0476,S0270,cours_partage,3
S0436,S0253,amitie,4
S0290,S0236,amitie,4
S0397,S0258,amitie,4
S0142,S0281,cours_partage,4
S0290,S0138,colocation,1
S0492,S0310,cours_partage,3
S0169,S0245,cours_partage,4
S0289,S0466,cours_partage,3
S0200,S0341,amitie,3
S0076,S0144,cours_partage,3
S0208,S0179,amitie,2
S0401,S0244,cours_partage,2
S0301,S0390,cours_partage,1
S0342,S0311,cours_partage,2
S0350,S0491,amitie,4
S0079,S0475,amitie,2
S0336,S0101,amitie,4
S0105,S0271,amitie,4
S0269,S0257,amitie,2
S0419,S0428,amitie,3
S0494,S0159,cours_partage,3
S0026,S0389,amitie,1
S0043,S0185,amitie,1
S0030,S0486,amitie,1
S0391,S0017,amitie,1
S0267,S0093,amitie,3
S0017,S0042,amitie,1
S0308,S0494,cours_partage,3
S0310,S0256,cours_partage,3
S0095,S0042,amitie,3
S0104,S0399,cours_partage,2
S0286,S0169,colocation,3
S0227,S0263,amitie,3
S0010,S0096,amitie,4
S0449,S0177,colocation,3
S0424,S0002,amitie,1
S0350,S0379,colocation,2
S0171,S0106,amitie,2
S0199,S0171,amitie,2
S0433,S0084,colocation,3
S0253,S0356,amitie,3
S0286,S0179,amitie,1
S0089,S0464,colocation,1
S0427,S0079,colocation,1
S0006,S0149,amitie,4
S0034,S0256,amitie,2
S0086,S0134,cours_partage,4
S0023,S0133,amitie,3
S0099,S0488,amitie,2
S0334,S0163,colocation,2
S0045,S0162,cours_partage,2
S0418,S0062,cours_partage,1
S0057,S0422,colocation,2
S0365,S0059,cours_partage,1
S0002,S0410,cours_partage,1
S0191,S0097,amitie,4
S0073,S0355,amitie,1
S0327,S0161,amitie,1
S0335,S0199,cours_partage,3
S0331,S0184,colocation,3
S0007,S0482,colocation,1
S0078,S0043,amitie,3
S0309,S0408,amitie,2
S0400,S0192,colocation,3
S0180,S0353,cours_partage,2
S0011,S0236,amitie,4
S0384,S0101,cours_partage,2
S0172,S0496,amitie,4
S0388,S0263,amitie,3
S0376,S0473,amitie,4
S0407,S0009,cours_partage,2
S0073,S0188,colocation,3
S0089,S0136,colocation,4
S0419,S0412,amitie,2
S0442,S0111,amitie,2
S0439,S0002,colocation,2
S0074,S0342,amitie,3
S0189,S0249,cours_partage,4
S0221,S0175,colocation,1
S0304,S0178,cours_partage,1
S0221,S0311,amitie,2
S0228,S0407,amitie,4
S0012,S0440,amitie,2
S0153,S0039,cours_partage,4
S0297,S0010,cours_partage,2
S0231,S0164,amitie,1
S0450,S0113,colocation,4
S0031,S0022,colocation,1
S0359,S0480,amitie,4
S0175,S0181,amitie,3
S0099,S0057,cours_partage,2
S0192,S0160,colocation,3
S0208,S0082,colocation,1
S0443,S0272,colocation,1
S0214,S0068,amitie,2
S0011,S0443,cours_partage,3
S0460,S0029,cours_partage,3
S0231,S0382,colocation,4
S0105,S0107,amitie,2
S0342,S0236,cours_partage,3
S0025,S0095,amitie,1
S0448,S0338,amitie,1
S0186,S0381,colocation,3
S0020,S0374,amitie,4
S0078,S0391,colocation,4
S0021,S0241,amitie,1
S0074,S0462,amitie,2
S0066,S0148,amitie,3
S0094,S0448,amitie,2
S0109,S0231,colocation,3
S0355,S0003,amitie,1
S0364,S0452,amitie,2
S0439,S0404,cours_partage,2
S0436,S0327,colocation,3
S0033,S0373,amitie,1
S0224,S0315,amitie,3
S0002,S0028,amitie,2
S0200,S0415,amitie,3
S0143,S0392,colocation,4
S0192,S0486,amitie,3
S0133,S0099,cours_partage,2
S0452,S0317,cours_partage,4
S0254,S0092,amitie,2
S0074,S0315,amitie,4
S0393,S0290,amitie,2
S0362,S0214,colocation,1
S0131,S0312,cours_partage,3
S0457,S0080,amitie,2
S0088,S0470,amitie,3
S0239,S0116,amitie,3
S0480,S0043,amitie,3
S0490,S0295,amitie,2
S0496,S0115,colocation,1
S0276,S0472,colocation,3
S0077,S0129,amitie,2
S0015,S0304,cours_partage,2
S0228,S0012,amitie,1
S0136,S0387,amitie,1
S0340,S0358,cours_partage,1
S0155,S0094,amitie,3
S0321,S0077,amitie,2
S0313,S0015,colocation,4
S0113,S0223,cours_partage,4
S0088,S0279,amitie,1
S0169,S0080,amitie,2
S0184,S0466,cours_partage,1
S0108,S0177,amitie,1
S0032,S0349,amitie,3
S0091,S0345,amitie,4
S0019,S0217,amitie,3
S0113,S0427,cours_partage,4
S0199,S0373,cours_partage,4
S0113,S0050,cours_partage,2
S0205,S0206,amitie,4
S0155,S0364,amitie,1
S0036,S0230,amitie,3
S0284,S0102,amitie,3
S0238,S0297,cours_partage,3
S0280,S0126,amitie,2
S0172,S0336,cours_partage,4
S0205,S0253,amitie,2
S0488,S0387,colocation,1
S0415,S0408,cours_partage,2
S0197,S0332,cours_partage,4
S0495,S0470,amitie,4
S0289,S0007,amitie,1
S0051,S0037,cours_partage,1
S0028,S0404,colocation,1
S0016,S0433,amitie,3
S0282,S0322,cours_partage,3
S0110,S0372,amitie,1
S0122,S0440,amitie,4
S0462,S0425,amitie,3
S0420,S0196,colocation,1
S0253,S0394,cours_partage,2
S0291,S0020,cours_partage,2
S0135,S0347,cours_partage,2
S0069,S0465,colocation,1
S0236,S0384,amitie,4
S0086,S0244,cours_partage,3
S0305,S0419,cours_partage,1
S0369,S0370,colocation,1
S0126,S0051,cours_partage,4
S0092,S0227,amitie,2
S0162,S0165,amitie,1
S0125,S0294,cours_partage,4
S0000,S0293,amitie,4
S0489,S0019,colocation,1
S0245,S0376,amitie,3
S0241,S0249,amitie,2
S0265,S0178,cours_partage,2
S0136,S0122,colocation,4
S0171,S0192,cours_partage,1
S0484,S0415,amitie,4
S0439,S0077,amitie,2
S0404,S0346,amitie,2
S0259,S0184,cours_partage,1
S0467,S0189,cours_partage,2
S0046,S0114,colocation,4
S0164,S0138,colocation,4
S0018,S0234,amitie,2
S0259,S0102,amitie,3
S0213,S0172,amitie,3
S0200,S0023,amitie,1
S0304,S0441,cours_partage,3
S0225,S0425,cours_partage,1
S0227,S0105,colocation,1
S0261,S0162,amitie,4
S0311,S0362,amitie,4
S0444,S0057,cours_partage,4
S0125,S0314,amitie,4
S0105,S0113,amitie,1
S0023,S0163,cours_partage,1
S0285,S0344,amitie,4
S0127,S0013,amitie,4
S0010,S0482,amitie,3
S0158,S0015,amitie,2
S0314,S0071,amitie,4
S0286,S0156,cours_partage,2
S0143,S0483,amitie,1
S0341,S0227,amitie,4
S0165,S0009,amitie,3
S0089,S0012,amitie,1
S0301,S0121,colocation,2
S0493,S0082,colocation,2
S0034,S0023,amitie,4
S0468,S0239,amitie,4
S0362,S0345,cours_partage,3
S0499,S0129,amitie,1
S0317,S0327,cours_partage,2
S0304,S0227,amitie,1
S0464,S0313,amitie,1
S0099,S0053,colocation,4
S0013,S0370,amitie,4
S0030,S0109,cours_partage,4
S0263,S0245,amitie,1
S0026,S0165,amitie,2
S0250,S0204,amitie,4
S0289,S0306,cours_partage,3
S0158,S0418,amitie,1
S0067,S0477,cours_partage,4
S0381,S0213,amitie,4
S0263,S0392,amitie,2
S0421,S0182,cours_partage,1
S0488,S0122,amitie,2
S0456,S0474,cours_partage,4
S0112,S0381,amitie,2
S0169,S0263,amitie,4
S0181,S0293,amitie,4
S0199,S0070,amitie,1
S0266,S0117,amitie,2
S0402,S0059,cours_partage,4
S0192,S0182,amitie,3
S0011,S0094,amitie,2
S0399,S0059,amitie,1
S0318,S0159,cours_partage,2
S0104,S0099,colocation,1
S0155,S0405,amitie,1
S0302,S0474,amitie,2
S0459,S0294,cours_partage,2
S0175,S0184,amitie,1
S0058,S0438,amitie,2
S0367,S0094,colocation,1
S0269,S0204,amitie,4
S0172,S0389,colocation,3
S0302,S0045,amitie,3
S0366,S0423,colocation,1
S0065,S0186,amitie,3
S0402,S0115,cours_partage,4
S0009,S0245,amitie,2
S0056,S0370,amitie,4
S0034,S0112,amitie,3
S0122,S0048,cours_partage,3
S0419,S0300,cours_partage,2
S0408,S0243,amitie,2
S0249,S0355,colocation,1
S0273,S0454,colocation,2
S0298,S0339,amitie,1
S0182,S0137,amitie,3
S0214,S0077,amitie,2
S0011,S0134,amitie,3
S0073,S0344,amitie,2
S0330,S0190,cours_partage,2
S0150,S0158,amitie,2
S0394,S0081,amitie,1
S0175,S0391,amitie,2
S0191,S0492,colocation,3
S0155,S0095,amitie,2
S0111,S0474,amitie,3
S0052,S0481,colocation,3
S0333,S0027,amitie,4
S0380,S0489,colocation,1
S0346,S0020,amitie,1
S0451,S0434,amitie,2
S0148,S0240,amitie,4
S0272,S0196,cours_partage,2
S0190,S0140,amitie,4
S0254,S0308,amitie,4
S0477,S0024,amitie,3
S0293,S0250,amitie,1
S0374,S0420,amitie,1
S0097,S0449,colocation,2
S0248,S0361,amitie,4
S0487,S0374,colocation,4
S0450,S0035,cours_partage,3
S0179,S0009,colocation,1
S0428,S0241,amitie,2
S0342,S0382,cours_partage,3
S0041,S0140,cours_partage,2
S0010,S0249,amitie,3
S0015,S0181,amitie,3
S0104,S0308,amitie,2
S0073,S0156,amitie,4
S0471,S0274,amitie,2
S0273,S0282,cours_partage,4
S0390,S0471,colocation,2
S0216,S0133,amitie,4
S0048,S0430,cours_partage,4
S0118,S0112,colocation,4
S0102,S0495,cours_partage,1
S0221,S0226,amitie,4
S0022,S0353,colocation,3
S0101,S0034,amitie,2
S0111,S0165,amitie,1
S0128,S0341,cours_partage,4
S0095,S0043,amitie,2
S0456,S0473,amitie,1
S0057,S0239,cours_partage,3
S0139,S0280,amitie,3
S0476,S0154,cours_partage,2
S0489,S0000,cours_partage,1
S0013,S0375,amitie,2
S0098,S0113,cours_partage,3
S0258,S0128,colocation,4
S0000,S0284,colocation,4
S0410,S0380,amitie,4
S0199,S0260,amitie,2
S0262,S0192,amitie,3
S0353,S0350,cours_partage,3
S0237,S0325,amitie,2
S0370,S0308,amitie,1
S0081,S0217,colocation,4
S0476,S0035,amitie,4
S0385,S0495,amitie,2
S0028,S0457,amitie,2
S0294,S0164,amitie,2
S0424,S0343,amitie,1
S0375,S0140,cours_partage,4
S0353,S0354,amitie,1
S0222,S0291,amitie,4
S0464,S0115,amitie,4
S0049,S0463,amitie,3
S0010,S0220,cours_partage,3
S0318,S0019,amitie,1
S0237,S0259,amitie,4
S0305,S0402,colocation,2
S0391,S0409,amitie,3
S0083,S0375,amitie,2
S0046,S0205,cours_partage,3
S0421,S0183,amitie,2
S0075,S0425,colocation,1
S0058,S0345,amitie,3
S0460,S0028,amitie,1
S0458,S0015,amitie,1
S0106,S0113,amitie,1
S0317,S0090,cours_partage,2
S0027,S0341,colocation,4
S0044,S0007,amitie,2
S0060,S0138,cours_partage,1
S0019,S0074,amitie,1
S0353,S0007,cours_partage,4
S0351,S0165,amitie,4
S0118,S0425,amitie,4
S0248,S0055,amitie,4
S0225,S0103,amitie,3
S0070,S0067,amitie,2
S0089,S0013,amitie,1
S0243,S0437,amitie,1
S0261,S0412,cours_partage,3
S0091,S0037,cours_partage,3
S0240,S0375,colocation,3
S0321,S0214,cours_partage,1
S0181,S0498,cours_partage,2
S0093,S0018,amitie,3
S0308,S0373,amitie,2
S0439,S0467,amitie,2
S0143,S0357,amitie,4
S0464,S0296,cours_partage,2
S0262,S0431,amitie,3
S0377,S0461,colocation,2
S0061,S0126,colocation,4
S0016,S0193,amitie,1
S0351,S0317,amitie,1
S0385,S0329,amitie,2
S0420,S0201,colocation,3
S0190,S0153,cours_partage,1
S0169,S0184,amitie,1
S0338,S0272,cours_partage,3
S0032,S0222,amitie,2
S0076,S0047,amitie,1
S0173,S0148,colocation,3
S0038,S0491,cours_partage,4
S0371,S0497,amitie,2
S0104,S0216,amitie,1
S0401,S0199,amitie,1
S0123,S0248,amitie,3
S0051,S0084,amitie,3
S0141,S0333,cours_partage,2
S0070,S0320,amitie,2
S0225,S0106,amitie,2
S0462,S0399,colocation,4
S0258,S0413,colocation,1
S0018,S0485,amitie,2
S0111,S0413,cours_partage,3
S0239,S0208,colocation,3
S0004,S0134,amitie,3
S0258,S0119,cours_partage,3
S0290,S0332,amitie,3
S0007,S0422,amitie,2
S0480,S0259,colocation,2
S0336,S0227,cours_partage,3
S0129,S0099,amitie,3
S0321,S0071,amitie,1
S0328,S0239,amitie,2
S0070,S0274,colocation,4
S0486,S0366,amitie,1
S0084,S0193,amitie,3
S0267,S0450,cours_partage,3
S0483,S0390,colocation,4
S0226,S0397,amitie,2
S0245,S0206,amitie,4
S0318,S0353,amitie,1
S0413,S0351,colocation,3
S0293,S0029,cours_partage,2
S0394,S0380,cours_partage,4
S0160,S0352,amitie,3
S0372,S0332,amitie,3
S0179,S0082,cours_partage,3
S0347,S0056,colocation,4
S0217,S0090,amitie,3
S0218,S0165,amitie,4
S0397,S0413,amitie,4
S0054,S0150,cours_partage,4
S0017,S0203,colocation,3
S0321,S0362,amitie,3
S0489,S0108,colocation,3
S0265,S0024,amitie,1
S0234,S0460,amitie,1
S0303,S0155,colocation,1
S0288,S0019,amitie,3
S0404,S0130,cours_partage,4
S0467,S0325,cours_partage,3
S0174,S0059,colocation,2
S0375,S0497,cours_partage,4
S0165,S0082,colocation,4
S0051,S0134,colocation,3
S0273,S0251,amitie,4
S0327,S0135,amitie,2
S0212,S0089,amitie,3
S0240,S0225,colocation,4
S0156,S0172,amitie,3
S0149,S0268,colocation,1
S0487,S0489,amitie,2
S0478,S0253,cours_partage,4
S0495,S0282,cours_partage,2
S0484,S0456,amitie,4
S0487,S0018,amitie,3
S0317,S0180,cours_partage,1
S0258,S0427,amitie,2
S0189,S0424,amitie,1
S0346,S0271,colocation,2
S0232,S0215,amitie,2
S0411,S0454,cours_partage,2
S0324,S0153,amitie,1
S0213,S0336,amitie,3
S0485,S0056,cours_partage,3
S0270,S0157,amitie,4
S0491,S0446,cours_partage,1
S0227,S0379,amitie,1
S0474,S0208,amitie,2
S0309,S0233,cours_partage,2
S0162,S0376,amitie,2
S0336,S0316,amitie,2
S0223,S0118,colocation,4
S0080,S0066,amitie,4
S0081,S0269,colocation,4
S0405,S0175,cours_partage,4
S0411,S0132,colocation,3
S0365,S0142,amitie,1
S0324,S0246,cours_partage,2
S0266,S0427,cours_partage,4
S0235,S0189,amitie,3
S0217,S0222,cours_partage,2
S0219,S0431,amitie,1
S0176,S0430,amitie,2
S0058,S0499,colocation,3
S0146,S0275,cours_partage,2
S0304,S0203,amitie,2
S0037,S0377,amitie,3
S0477,S0269,amitie,1
S0397,S0446,amitie,3
S0363,S0088,colocation,2
S0275,S0331,amitie,2
S0159,S0348,cours_partage,1
S0449,S0385,amitie,1
S0194,S0199,cours_partage,4
S0218,S0343,cours_partage,1
S0110,S0269,amitie,4
S0294,S0153,cours_partage,3
S0386,S0308,amitie,4
S0322,S0444,colocation,1
S0267,S0422,colocation,2
S0152,S0021,amitie,4
S0232,S0224,amitie,4
S0256,S0370,colocation,2
S0494,S0130,colocation,2
S0110,S0015,amitie,3
S0134,S0155,colocation,1
S0180,S0351,cours_partage,4
S0129,S0371,amitie,4
S0132,S0070,amitie,1
S0292,S0466,amitie,4
S0410,S0346,colocation,3
S0294,S0148,cours_partage,2
S0332,S0224,cours_partage,3
S0094,S0242,amitie,3
S0326,S0103,cours_partage,2
S0198,S0081,amitie,4
S0487,S0439,amitie,1
S0403,S0455,cours_partage,1
S0315,S0156,amitie,1
S0014,S0308,colocation,3
S0201,S0263,amitie,3
S0352,S0316,colocation,3
S0147,S0079,amitie,2
S0261,S0082,amitie,3
S0446,S0037,amitie,3
S0051,S0110,cours_partage,4
S0244,S0171,amitie,4
S0388,S0249,cours_partage,2
S0421,S0489,amitie,1
S0366,S0083,amitie,4
S0126,S0331,amitie,3
S0290,S0238,colocation,1
S0283,S0260,amitie,4
S0340,S0345,cours_partage,3
S0486,S0071,amitie,1
S0411,S0219,cours_partage,4
S0443,S0143,colocation,3
S0488,S0258,cours_partage,3
S0082,S0350,amitie,3
S0441,S0414,amitie,1
S0247,S0448,cours_partage,1
S0195,S0177,amitie,4
S0229,S0245,amitie,2
S0487,S0096,cours_partage,1
S0312,S0258,cours_partage,4
S0286,S0393,amitie,1
S0355,S0457,cours_partage,4
S0271,S0205,amitie,4
S0223,S0132,amitie,3
S0404,S0318,amitie,1
S0163,S0332,amitie,3
S0024,S0184,colocation,3
S0210,S0492,colocation,2
S0063,S0284,amitie,3
S0044,S0079,amitie,2
S0058,S0012,amitie,2
S0156,S0399,colocation,2
S0419,S0307,amitie,3
S0268,S0368,amitie,2
S0181,S0047,cours_partage,2
S0306,S0121,cours_partage,2
S0309,S0108,amitie,4
S0135,S0257,cours_partage,4
S0027,S0364,colocation,2
S0107,S0061,colocation,3
S0347,S0481,amitie,2
S0236,S0423,amitie,3
S0120,S0037,amitie,3
S0479,S0491,cours_partage,4
S0170,S0311,cours_partage,1
S0364,S0347,amitie,3
S0153,S0361,cours_partage,1
S0315,S0151,amitie,3
S0223,S0353,amitie,3
S0283,S0067,cours_partage,1
S0353,S0049,colocation,2
S0456,S0298,amitie,2
S0353,S0387,amitie,4
S0036,S0489,colocation,4
S0420,S0080,cours_partage,2
S0103,S0443,cours_partage,2
S0269,S0153,cours_partage,4
S0034,S0175,amitie,4
S0010,S0011,amitie,3
S0317,S0005,cours_partage,3
S0007,S0072,amitie,4
S0213,S0417,amitie,3
S0221,S0288,amitie,1
S0109,S0375,amitie,4
S0454,S0053,amitie,4
S0452,S0367,colocation,1
S0041,S0248,colocation,2
S0356,S0093,amitie,4
S0435,S0279,amitie,3
S0044,S0411,colocation,4
S0491,S0461,colocation,1
S0402,S0219,amitie,3
S0361,S0344,amitie,4
S0402,S0356,colocation,1
S0340,S0300,amitie,3
S0030,S0362,amitie,1
S0013,S0331,cours_partage,1
S0303,S0324,amitie,2
S0001,S0335,amitie,4
S0169,S0152,amitie,1
S0159,S0327,amitie,4
S0372,S0375,amitie,4
S0495,S0192,cours_partage,2
S0300,S0077,amitie,3
S0381,S0352,amitie,3
S0107,S0282,amitie,2
S0236,S0323,amitie,1
S0437,S0365,cours_partage,4
S0481,S0257,colocation,4
S0257,S0405,colocation,3
S0111,S0218,amitie,2
S0460,S0440,amitie,1
S0385,S0363,amitie,2
S0101,S0430,cours_partage,1
S0464,S0350,amitie,4
S0198,S0380,amitie,4
S0087,S0278,amitie,3
S0477,S0467,colocation,3
S0463,S0146,amitie,2
S0447,S0494,colocation,3
S0041,S0150,colocation,2
S0396,S0134,amitie,4
S0359,S0310,colocation,2
S0270,S0002,colocation,4
S0404,S0230,cours_partage,1
S0441,S0130,cours_partage,2
S0285,S0422,amitie,3
S0271,S0060,colocation,2
S0014,S0463,cours_partage,1
S0351,S0189,colocation,1
S0493,S0278,amitie,2
S0237,S0346,amitie,2
S0269,S0164,amitie,1
S0319,S0241,colocation,3
S0445,S0277,cours_partage,4
S0050,S0360,amitie,4
S0244,S0408,cours_partage,3
S0116,S0330,amitie,3
S0070,S0086,amitie,2
S0451,S0144,colocation,1
S0259,S0359,colocation,2
S0145,S0346,amitie,4
S0474,S0095,amitie,1
S0499,S0036,amitie,3
S0157,S0311,amitie,2
S0267,S0226,colocation,2
S0266,S0382,amitie,3
S0072,S0258,cours_partage,3
S0132,S0427,colocation,4
S0044,S0037,amitie,4
S0219,S0416,colocation,1
S0215,S0420,amitie,3
S0372,S0173,colocation,4
S0339,S0308,amitie,3
S0410,S0010,amitie,3
S0340,S0170,cours_partage,2
S0334,S0252,amitie,4
S0388,S0241,amitie,1
S0331,S0347,amitie,2
S0407,S0493,amitie,3
S0223,S0387,amitie,2
S0062,S0374,cours_partage,4
S0365,S0190,amitie,4
S0088,S0376,colocation,1
S0331,S0006,amitie,1
S0447,S0288,amitie,2
S0429,S0275,amitie,1
S0164,S0071,amitie,2
S0469,S0430,amitie,3
S0239,S0113,amitie,3
S0021,S0229,cours_partage,4
S0168,S0051,colocation,2
S0064,S0129,amitie,3
S0358,S0454,colocation,3
S0161,S0439,amitie,3
S0263,S0442,amitie,3
S0185,S0278,amitie,3
S0498,S0278,cours_partage,2
S0495,S0086,amitie,1
S0210,S0269,amitie,4
S0165,S0388,cours_partage,1
S0297,S0129,colocation,4
S0013,S0144,amitie,1
S0435,S0026,cours_partage,1
S0423,S0371,amitie,1
S0284,S0034,amitie,4
S0366,S0252,amitie,1
S0129,S0384,amitie,2
S0224,S0440,colocation,2
S0251,S0174,colocation,3
S0227,S0070,cours_partage,4
S0373,S0248,colocation,1
S0093,S0145,amitie,3
S0128,S0040,amitie,1
S0073,S0235,colocation,1
S0434,S0453,colocation,4
S0399,S0456,amitie,2
S0346,S0305,cours_partage,4
S0054,S0198,amitie,2
S0439,S0221,cours_partage,2
S0169,S0305,amitie,3
S0080,S0493,amitie,3
S0289,S0455,amitie,4
S0414,S0005,amitie,4
S0469,S0363,amitie,3
S0353,S0058,amitie,2
S0332,S0152,colocation,3
S0419,S0249,amitie,1
S0114,S0103,amitie,4
S0377,S0136,amitie,4
S0305,S0343,amitie,3
S0342,S0324,colocation,2
S0482,S0339,amitie,4
S0437,S0231,amitie,2
S0022,S0198,amitie,3
S0250,S0099,amitie,1
S0429,S0336,amitie,3
S0135,S0016,amitie,2
S0489,S0033,amitie,1
S0211,S0360,amitie,4
S0216,S0338,amitie,4
S0476,S0214,amitie,1
S0418,S0477,colocation,1
S0248,S0170,amitie,3
S0028,S0468,amitie,1
S0060,S0486,amitie,1
S0431,S0341,cours_partage,1
S0127,S0276,amitie,2
S0070,S0254,cours_partage,4
S0407,S0071,amitie,1
S0468,S0062,amitie,2
S0039,S0151,amitie,4
S0168,S0160,cours_partage,4
S0472,S0134,amitie,3
S0015,S0097,colocation,1
S0009,S0161,cours_partage,1
S0005,S0346,colocation,2
S0065,S0226,amitie,1
S0002,S0158,amitie,4
S0060,S0365,cours_partage,2
S0488,S0390,colocation,2
S0129,S0232,amitie,1
S0302,S0298,amitie,1
S0182,S0389,cours_partage,3
S0027,S0210,cours_partage,4
S0195,S0241,amitie,4
S0279,S0344,amitie,3
S0159,S0011,cours_partage,3
S0415,S0236,amitie,4
S0431,S0309,cours_partage,2
S0035,S0332,cours_partage,2
S0223,S0212,amitie,2
S0051,S0164,colocation,2
S0004,S0347,amitie,3
S0237,S0447,amitie,3
S0397,S0079,amitie,2
S0323,S0410,amitie,4
S0131,S0475,amitie,4
S0120,S0187,cours_partage,2
S0149,S0479,cours_partage,4
S0436,S0338,cours_partage,3
S0382,S0226,cours_partage,4
S0456,S0355,amitie,1
S0280,S0398,amitie,4
S0184,S0328,amitie,3
S0267,S0095,amitie,2
S0130,S0284,colocation,3
S0190,S0248,amitie,3
S0465,S0121,amitie,2
S0040,S0143,amitie,2
S0302,S0271,amitie,4
S0444,S0275,amitie,2
S0327,S0215,amitie,1
S0127,S0453,amitie,2
S0447,S0032,amitie,2
S0357,S0319,colocation,2
S0027,S0021,amitie,1
S0112,S0404,amitie,2
S0282,S0443,cours_partage,2
S0273,S0429,amitie,1
S0362,S0366,colocation,1
S0441,S0494,colocation,2
S0247,S0310,colocation,2
S0292,S0493,colocation,3
S0405,S0218,cours_partage,2
S0298,S0228,cours_partage,4
S0250,S0334,colocation,1
S0290,S0151,amitie,4
S0111,S0399,amitie,4
S0473,S0466,cours_partage,2
S0132,S0069,cours_partage,1
S0333,S0107,colocation,1
S0395,S0097,amitie,3
S0311,S0248,amitie,4
S0286,S0385,amitie,4
S0277,S0499,amitie,1
S0012,S0161,amitie,2
S0231,S0129,amitie,2
S0256,S0280,colocation,1
S0076,S0405,cours_partage,4
S0454,S0045,amitie,3
S0059,S0392,amitie,2
S0267,S0085,amitie,2
S0371,S0077,amitie,4
S0124,S0443,amitie,1
S0490,S0190,amitie,3
S0377,S0113,amitie,1
S0406,S0032,cours_partage,3
S0376,S0493,amitie,3
S0339,S0413,amitie,2
S0127,S0187,colocation,3
S0064,S0345,colocation,1
S0255,S0233,cours_partage,1
S0031,S0156,amitie,2
S0144,S0051,amitie,1
S0041,S0039,amitie,2
S0114,S0439,cours_partage,1
S0065,S0033,cours_partage,3
S0422,S0089,amitie,4
S0237,S0271,amitie,3
S0411,S0466,colocation,4
S0296,S0285,amitie,3
S0445,S0265,cours_partage,2
S0286,S0399,amitie,2
S0402,S0096,amitie,4
S0090,S0046,cours_partage,2
S0054,S0323,colocation,2
S0413,S0082,amitie,1
S0286,S0206,cours_partage,2
S0103,S0447,cours_partage,3
S0148,S0485,amitie,2
S0031,S0179,amitie,4
S0280,S0184,amitie,4
S0464,S0098,amitie,1
S0313,S0075,amitie,3
S0199,S0469,amitie,2
S0250,S0333,amitie,1
S0110,S0395,amitie,4
S0070,S0283,colocation,2
S0249,S0229,colocation,4
S0375,S0197,amitie,3
S0311,S0403,cours_partage,4
S0048,S0022,amitie,3
S0428,S0435,amitie,3
S0237,S0130,amitie,4
S0157,S0369,amitie,4
S0399,S0477,amitie,4
S0261,S0428,amitie,1
S0323,S0090,cours_partage,2
S0266,S0354,amitie,4
S0081,S0416,amitie,4
S0002,S0291,amitie,1
S0044,S0258,amitie,1
S0066,S0375,cours_partage,4
S0235,S0188,cours_partage,4
S0294,S0478,colocation,4
S0052,S0047,amitie,3
S0001,S0299,cours_partage,2
S0288,S0211,colocation,1
S0213,S0182,amitie,3
S0279,S0428,cours_partage,3
S0049,S0061,amitie,2
S0429,S0467,amitie,2
S0395,S0453,amitie,3
S0070,S0172,cours_partage,3
S0316,S0275,amitie,3
S0394,S0100,colocation,2
S0441,S0095,colocation,4
S0422,S0464,amitie,1
S0341,S0386,colocation,1
S0143,S0307,amitie,3
S0172,S0171,cours_partage,2
S0461,S0403,colocation,1
S0218,S0162,colocation,1
S0053,S0113,amitie,4
S0425,S0089,amitie,4
S0331,S0324,colocation,2
S0474,S0343,amitie,2
S0300,S0303,amitie,2
S0490,S0231,colocation,3
S0000,S0061,cours_partage,3
S0112,S0196,amitie,3
S0098,S0296,cours_partage,3
S0334,S0267,colocation,1
S0266,S0224,amitie,3
S0313,S0184,cours_partage,4
S0223,S0330,amitie,1
S0211,S0352,colocation,4
S0332,S0140,amitie,2
S0198,S0036,amitie,1
S0389,S0115,amitie,4
S0121,S0455,amitie,2
S0313,S0082,amitie,4
S0240,S0294,colocation,2
S0193,S0485,cours_partage,3
S0319,S0003,colocation,2
S0261,S0249,colocation,2
S0490,S0362,amitie,2
S0108,S0442,cours_partage,3
S0264,S0343,amitie,2
S0084,S0276,amitie,3
S0345,S0295,colocation,4
S0146,S0163,amitie,1
S0142,S0396,amitie,3
S0236,S0459,colocation,3
S0129,S0497,amitie,3
S0492,S0027,colocation,3
S0495,S0244,amitie,2
S0406,S0199,amitie,1
S0363,S0309,cours_partage,1
S0253,S0262,amitie,1
S0212,S0478,amitie,2
S0458,S0038,colocation,2
S0437,S0463,cours_partage,4
S0091,S0210,amitie,2
S0083,S0060,amitie,1
S0393,S0161,amitie,4
S0375,S0345,amitie,2
S0213,S0092,amitie,2
S0392,S0428,cours_partage,2
S0438,S0106,cours_partage,3
S0341,S0023,colocation,4
S0361,S0152,cours_partage,2
S0493,S0307,amitie,4
S0120,S0469,amitie,2
S0198,S0439,cours_partage,3
S0045,S0206,amitie,4
S0172,S0430,amitie,2
S0073,S0165,amitie,3
S0001,S0254,cours_partage,4
S0110,S0488,amitie,4
S0290,S0071,cours_partage,3
S0258,S0037,amitie,2
S0055,S0224,amitie,1
S0300,S0041,colocation,3
S0401,S0200,amitie,2
S0074,S0223,amitie,2
S0084,S0176,cours_partage,3
S0247,S0318,amitie,1
S0407,S0483,amitie,2
S0293,S0137,amitie,2
S0197,S0074,amitie,1
S0245,S0162,amitie,2
S0270,S0369,cours_partage,3
S0202,S0148,amitie,3
S0264,S0376,cours_partage,1
S0367,S0331,amitie,4
S0366,S0065,cours_partage,3
S0239,S0289,amitie,3
S0262,S0432,amitie,3
S0268,S0370,amitie,2
S0397,S0330,amitie,2
S0186,S0125,amitie,3
S0275,S0160,amitie,3
S0384,S0162,amitie,2
S0470,S0118,amitie,2
S0362,S0164,amitie,4
S0466,S0173,amitie,4
S0239,S0122,colocation,1
S0486,S0140,colocation,3
S0463,S0088,cours_partage,1
S0225,S0019,amitie,4
S0434,S0011,amitie,3
S0160,S0147,amitie,2
S0497,S0117,cours_partage,2
S0304,S0222,colocation,4
S0308,S0400,amitie,3
S0104,S0282,colocation,3
S0382,S0340,amitie,2
S0459,S0498,amitie,1
S0416,S0487,amitie,4
S0056,S0203,cours_partage,2
S0160,S0366,amitie,2
S0108,S0162,cours_partage,1
S0373,S0257,amitie,2
S0418,S0247,amitie,4
S0264,S0344,amitie,3
S0342,S0125,colocation,1
S0085,S0078,amitie,4
S0410,S0414,colocation,3
S0458,S0025,cours_partage,4
S0329,S0175,amitie,4
S0170,S0077,colocation,3
S0103,S0318,colocation,3
S0135,S0134,amitie,2
S0465,S0212,amitie,3
S0323,S0348,colocation,2
S0092,S0096,amitie,2
S0043,S0265,cours_partage,3
S0009,S0264,amitie,1
S0427,S0322,amitie,3
S0227,S0073,amitie,2
S0364,S0436,cours_partage,1
S0248,S0066,cours_partage,3
S0019,S0302,amitie,2
S0054,S0230,amitie,4
S0257,S0492,amitie,4
S0265,S0434,amitie,3
S0187,S0011,colocation,2
S0365,S0154,colocation,3
S0151,S0068,cours_partage,1
S0019,S0436,amitie,2
S0078,S0056,amitie,1
S0320,S0383,amitie,1
S0356,S0207,cours_partage,3
S0021,S0399,amitie,3
S0348,S0418,amitie,4
S0284,S0216,cours_partage,1
S0092,S0194,cours_partage,2
S0038,S0050,cours_partage,4
S0452,S0303,colocation,3
S0195,S0312,amitie,1
S0294,S0091,amitie,3
S0390,S0296,amitie,2
S0264,S0279,cours_partage,4
S0109,S0251,colocation,1
S0095,S0434,amitie,4
S0387,S0461,amitie,2
S0421,S0194,cours_partage,2
S0245,S0228,cours_partage,3
S0194,S0425,amitie,1
S0188,S0344,amitie,2
S0096,S0046,amitie,3
S0211,S0225,amitie,2
S0184,S0281,amitie,4
S0081,S0096,amitie,1
S0321,S0450,amitie,4
S0455,S0488,amitie,2
S0174,S0122,amitie,2
S0497,S0479,cours_partage,4
S0324,S0315,colocation,3
S0457,S0442,amitie,2
S0093,S0405,amitie,3
S0428,S0219,amitie,4
S0468,S0247,amitie,1
S0416,S0093,amitie,1
S0486,S0497,amitie,1
S0386,S0425,cours_partage,4
S0154,S0100,amitie,3
S0106,S0079,amitie,2
S0169,S0428,colocation,3
S0148,S0191,colocation,4
S0385,S0250,amitie,4
S0312,S0455,amitie,2
S0319,S0484,amitie,1
S0492,S0052,cours_partage,3
S0247,S0361,colocation,2
S0141,S0126,cours_partage,3
S0183,S0449,cours_partage,1
S0177,S0275,amitie,3
S0364,S0391,amitie,3
S0273,S0337,amitie,3
S0489,S0062,amitie,2
S0289,S0377,amitie,4
S0015,S0391,amitie,4
S0045,S0344,amitie,4
S0488,S0163,amitie,4
S0461,S0438,amitie,1
S0099,S0452,colocation,1
S0458,S0063,amitie,4
S0493,S0264,amitie,3
S0369,S0294,amitie,4
S0055,S0117,colocation,4
S0419,S0302,colocation,1
S0299,S0128,amitie,4
S0461,S0174,colocation,3
S0357,S0014,amitie,3
S0258,S0454,amitie,1
S0423,S0170,cours_partage,1
S0479,S0268,amitie,4
S0287,S0092,cours_partage,3
S0063,S0385,amitie,1
S0153,S0209,cours_partage,3
S0432,S0066,amitie,3
S0007,S0251,colocation,3
S0470,S0137,amitie,2
S0248,S0077,amitie,1
S0217,S0184,cours_partage,2
S0268,S0178,amitie,1
S0271,S0166,amitie,4
S0284,S0398,colocation,2
S0337,S0471,amitie,4
S0215,S0166,amitie,3
S0175,S0134,colocation,2
S0148,S0238,cours_partage,2
S0050,S0226,amitie,1
S0375,S0365,colocation,1
S0121,S0171,colocation,1
S0316,S0172,cours_partage,3
S0422,S0350,amitie,2
S0051,S0458,colocation,2
S0338,S0070,cours_partage,2
S0367,S0155,amitie,2
S0040,S0263,cours_partage,3
S0205,S0356,amitie,2
S0322,S0089,amitie,3
S0030,S0025,colocation,4
S0101,S0333,amitie,4
S0382,S0351,amitie,3
S0287,S0067,amitie,4
S0014,S0073,amitie,4
S0023,S0278,amitie,1
S0113,S0354,amitie,4
S0274,S0057,amitie,1
S0172,S0437,cours_partage,3
S0059,S0263,amitie,2
S0315,S0232,amitie,4
S0188,S0413,amitie,1
S0053,S0089,amitie,3
S0177,S0261,cours_partage,4
S0338,S0260,amitie,1
S0323,S0220,amitie,4
S0434,S0257,amitie,2
S0250,S0194,amitie,1
S0397,S0312,cours_partage,1
S0317,S0380,amitie,3
S0361,S0173,cours_partage,2
S0176,S0453,cours_partage,2
S0455,S0186,amitie,1
S0496,S0216,cours_partage,2
S0464,S0354,colocation,4
S0347,S0090,cours_partage,3
S0233,S0260,cours_partage,2
S0361,S0214,colocation,3
S0079,S0215,cours_partage,4
S0051,S0280,amitie,4
S0090,S0253,amitie,3
S0208,S0350,amitie,1
S0417,S0078,colocation,1
S0460,S0067,amitie,3
S0462,S0332,colocation,2
S0325,S0018,colocation,1
S0131,S0403,amitie,3
S0294,S0462,amitie,4
S0271,S0374,amitie,1
S0276,S0419,amitie,1
S0367,S0075,amitie,1
S0112,S0429,colocation,3
S0232,S0445,amitie,3
S0021,S0392,cours_partage,1
S0106,S0488,colocation,1
S0343,S0249,amitie,3
S0250,S0363,amitie,3
S0076,S0139,colocation,3
S0280,S0034,amitie,4
S0421,S0172,cours_partage,1
S0258,S0106,amitie,1
S0447,S0019,amitie,4
S0166,S0180,cours_partage,2
S0421,S0339,amitie,2
S0166,S0327,amitie,4
S0333,S0381,cours_partage,3
S0319,S0070,amitie,2
S0012,S0008,cours_partage,3
S0318,S0292,amitie,2
S0051,S0278,amitie,4
S0216,S0244,amitie,4
S0459,S0486,amitie,3
S0409,S0085,amitie,3
S0488,S0057,amitie,1
S0079,S0048,amitie,3
S0476,S0375,amitie,1
S0470,S0227,amitie,3
S0261,S0241,amitie,3
S0301,S0475,amitie,3
S0388,S0014,cours_partage,2
S0413,S0048,amitie,1
S0331,S0265,amitie,3
S0466,S0302,colocation,2
S0186,S0010,amitie,3
S0386,S0316,amitie,1
S0212,S0121,amitie,2
S0252,S0272,amitie,1
S0119,S0217,amitie,2
S0255,S0160,cours_partage,2
S0434,S0051,amitie,3
S0322,S0301,colocation,4
S0087,S0304,colocation,1
S0403,S0482,colocation,1
S0062,S0114,colocation,4
S0314,S0423,colocation,4
S0069,S0116,amitie,1
S0223,S0048,amitie,3
S0311,S0190,amitie,4
S0286,S0045,amitie,1
S0130,S0327,amitie,4
S0335,S0326,amitie,4
S0472,S0201,amitie,3
S0356,S0153,colocation,1
S0259,S0011,amitie,3
S0051,S0052,cours_partage,2
S0118,S0142,colocation,3
S0291,S0032,colocation,4
S0012,S0273,amitie,1
S0463,S0227,amitie,3
S0199,S0345,colocation,4
S0011,S0043,colocation,4
S0442,S0208,amitie,1
S0264,S0014,colocation,4
S0298,S0376,amitie,4
S0477,S0049,amitie,4
S0006,S0342,amitie,1
S0150,S0159,cours_partage,4
S0256,S0184,colocation,3
S0453,S0376,amitie,1
S0320,S0408,colocation,2
S0442,S0264,amitie,3
S0268,S0433,cours_partage,2
S0479,S0051,colocation,4
S0370,S0042,amitie,1
S0319,S0177,amitie,1
S0256,S0056,amitie,1
S0151,S0044,amitie,1
S0096,S0270,colocation,3
S0078,S0452,colocation,2
S0348,S0432,amitie,3
S0180,S0237,colocation,1
S0068,S0109,cours_partage,2
S0071,S0270,colocation,1
S0218,S0188,amitie,1
S0113,S0132,amitie,2
S0098,S0044,amitie,3
S0466,S0418,colocation,3
S0213,S0001,cours_partage,1
S0485,S0278,amitie,2
S0205,S0379,amitie,1
S0301,S0285,amitie,2
S0031,S0168,amitie,3
S0463,S0287,amitie,4
S0135,S0399,amitie,3
S0479,S0368,amitie,3
S0420,S0315,cours_partage,1
S0289,S0461,amitie,2
S0058,S0186,amitie,4
S0220,S0493,colocation,1
S0264,S0245,colocation,2
S0268,S0018,amitie,2
S0209,S0321,cours_partage,1
S0282,S0408,amitie,3
S0124,S0254,amitie,2
S0014,S0298,amitie,3
S0429,S0133,amitie,4
S0117,S0112,colocation,3
S0467,S0456,amitie,3
S0134,S0126,colocation,3
S0361,S0033,amitie,1
S0170,S0489,colocation,4
S0236,S0138,cours_partage,3
S0221,S0402,colocation,3
S0196,S0204,amitie,2
S0005,S0277,cours_partage,3
S0090,S0237,colocation,3
S0272,S0092,colocation,1
S0182,S0146,cours_partage,4
S0285,S0147,amitie,2
S0037,S0174,cours_partage,4
S0319,S0377,amitie,1
S0489,S0439,colocation,1
S0380,S0222,amitie,1
S0103,S0123,cours_partage,3
S0084,S0368,amitie,2
S0021,S0370,amitie,4
S0260,S0200,amitie,3
S0025,S0042,amitie,4
S0196,S0496,amitie,1
S0121,S0478,amitie,3
S0127,S0175,colocation,3
S0248,S0295,amitie,4
S0221,S0348,colocation,4
S0478,S0312,colocation,2
S0384,S0362,amitie,4
S0053,S0461,amitie,2
S0235,S0357,cours_partage,3
S0198,S0441,amitie,3
S0123,S0332,amitie,3
S0305,S0464,colocation,3
S0099,S0491,amitie,1
S0125,S0450,amitie,3
S0349,S0427,amitie,1
S0354,S0488,cours_partage,1
S0432,S0401,cours_partage,3
S0268,S0256,cours_partage,4
S0416,S0114,cours_partage,2
S0328,S0390,colocation,1
S0468,S0222,amitie,2
S0014,S0334,amitie,3
S0173,S0362,amitie,4
S0036,S0292,amitie,3
S0284,S0320,amitie,4
S0075,S0385,colocation,3
S0316,S0496,amitie,2
S0400,S0463,amitie,2
S0026,S0278,amitie,3
S0001,S0163,amitie,3
S0024,S0116,amitie,4
S0127,S0183,colocation,4
S0051,S0184,amitie,1
S0303,S0405,cours_partage,1
S0114,S0318,amitie,3
S0057,S0289,amitie,2
S0375,S0332,cours_partage,1
S0371,S0117,colocation,3
S0495,S0408,colocation,1
S0361,S0224,cours_partage,2
S0372,S0208,colocation,4
S0462,S0486,amitie,2
S0327,S0107,colocation,1
S0355,S0435,amitie,3
S0359,S0127,colocation,2
S0101,S0250,amitie,2
S0065,S0496,amitie,2
S0152,S0495,amitie,2
S0022,S0446,colocation,2
S0206,S0385,colocation,2
S0220,S0022,amitie,1
S0060,S0064,cours_partage,1
S0388,S0307,colocation,1
S0338,S0176,cours_partage,1
S0163,S0254,amitie,1
S0185,S0056,cours_partage,3
S0239,S0194,amitie,2
S0108,S0261,cours_partage,2
S0108,S0082,cours_partage,1
S0035,S0297,amitie,2
S0352,S0445,colocation,3
S0410,S0441,amitie,3
S0026,S0279,colocation,4
S0192,S0199,amitie,1
S0090,S0291,colocation,2
S0275,S0105,amitie,3
S0002,S0271,amitie,2
S0145,S0109,amitie,2
S0222,S0288,cours_partage,4
S0281,S0480,amitie,1
S0062,S0404,amitie,2
S0357,S0206,cours_partage,4
S0345,S0125,amitie,4
S0297,S0236,amitie,4
S0290,S0077,colocation,3
S0136,S0341,cours_partage,4
S0485,S0442,amitie,3
S0302,S0413,amitie,3
S0309,S0266,cours_partage,4
S0215,S0346,amitie,2
S0307,S0109,cours_partage,1
S0078,S0269,amitie,2
S0092,S0429,cours_partage,2
S0338,S0092,amitie,1
S0482,S0331,amitie,3
S0342,S0168,colocation,1
S0450,S0365,cours_partage,2
S0426,S0176,cours_partage,1
S0050,S0106,amitie,1
S0100,S0052,amitie,3
S0478,S0377,amitie,4
S0410,S0446,colocation,2
S0117,S0417,amitie,2
S0300,S0270,amitie,3
S0482,S0121,colocation,2
S0430,S0092,amitie,4
S0414,S0291,colocation,1
S0267,S0349,amitie,1
S0346,S0180,colocation,3
S0491,S0387,amitie,4
S0169,S0162,amitie,1
S0463,S0126,colocation,2
S0375,S0077,amitie,3
S0132,S0072,amitie,3
S0164,S0459,cours_partage,3
S0367,S0492,colocation,1
S0049,S0242,amitie,1
S0325,S0245,colocation,4
S0038,S0445,amitie,1
S0431,S0254,amitie,3
S0129,S0374,amitie,2
S0014,S0156,amitie,3
S0425,S0128,amitie,3
S0369,S0384,amitie,2
S0326,S0253,colocation,4
S0345,S0497,amitie,1
S0498,S0417,cours_partage,2
S0011,S0214,amitie,3
S0242,S0087,amitie,3
S0143,S0473,colocation,1
S0483,S0473,amitie,2
S0459,S0196,amitie,3
S0349,S0271,amitie,3
S0313,S0040,cours_partage,1
S0081,S0227,cours_partage,1
S0039,S0462,amitie,2
S0390,S0050,amitie,3
S0148,S0246,amitie,3
S0402,S0046,amitie,4
S0132,S0045,amitie,3
S0389,S0299,amitie,3
S0438,S0116,amitie,1
S0459,S0372,colocation,1
S0225,S0114,amitie,1
S0191,S0391,amitie,2
S0195,S0161,amitie,4
S0326,S0441,amitie,3
S0163,S0430,amitie,2
S0027,S0142,amitie,2
S0086,S0127,amitie,4
S0101,S0347,amitie,4
S0048,S0328,cours_partage,2
S0032,S0378,colocation,3
S0218,S0046,amitie,4
S0373,S0053,amitie,1
S0139,S0008,amitie,3
S0357,S0419,amitie,4
S0412,S0156,colocation,2
S0047,S0280,amitie,1
S0085,S0031,amitie,1
S0282,S0341,colocation,2
S0248,S0082,colocation,4
S0326,S0236,amitie,3
S0386,S0112,colocation,2
S0165,S0344,cours_partage,4
S0306,S0050,amitie,1
S0052,S0485,amitie,2
S0445,S0214,amitie,2
S0095,S0094,amitie,4
S0259,S0049,amitie,4
S0335,S0204,amitie,4
S0464,S0022,amitie,3
S0058,S0121,amitie,2
S0468,S0277,amitie,1
S0143,S0442,amitie,3
S0029,S0199,colocation,4
S0163,S0250,colocation,3
S0091,S0125,cours_partage,4
S0202,S0153,amitie,4
S0433,S0492,colocation,2
S0394,S0028,cours_partage,2
S0214,S0358,amitie,3
S0493,S0208,colocation,1
S0429,S0421,amitie,1
S0356,S0158,amitie,1
S0180,S0410,colocation,4
S0489,S0095,colocation,1
S0134,S0085,colocation,1
S0284,S0373,colocation,2
S0126,S0129,colocation,1
S0034,S0067,amitie,1
S0249,S0443,amitie,1
S0439,S0219,amitie,4
S0283,S0379,amitie,2
S0334,S0356,amitie,1
S0054,S0441,amitie,1
S0449,S0185,amitie,3
S0045,S0339,amitie,4
S0117,S0209,amitie,3
S0093,S0288,amitie,1
S0122,S0403,amitie,4
S0084,S0181,cours_partage,2
S0483,S0474,cours_partage,3
S0089,S0397,colocation,1
S0235,S0376,amitie,4
S0422,S0140,amitie,4
S0399,S0298,colocation,3
S0016,S0452,amitie,3
S0468,S0198,cours_partage,4
S0020,S0489,amitie,4
S0445,S0083,amitie,4
S0052,S0479,amitie,2
S0255,S0307,amitie,1
S0278,S0478,amitie,1
S0087,S0452,amitie,1
S0110,S0257,colocation,4
S0191,S0150,amitie,4
S0072,S0403,amitie,4
S0115,S0312,amitie,1
S0245,S0319,colocation,2
S0135,S0458,amitie,3
S0367,S0395,amitie,2
S0342,S0365,amitie,4
S0241,S0197,amitie,3
S0429,S0386,amitie,1
S0071,S0202,amitie,1
S0185,S0331,cours_partage,1
S0496,S0430,colocation,4
S0211,S0082,cours_partage,2
S0223,S0072,colocation,4
S0200,S0335,amitie,2
S0421,S0034,cours_partage,2
S0229,S0376,colocation,2
S0397,S0478,amitie,1
S0216,S0137,cours_partage,1
S0003,S0262,amitie,1
S0377,S0422,cours_partage,4
S0262,S0171,amitie,1
S0317,S0217,amitie,2
S0193,S0027,amitie,3
S0266,S0004,colocation,3
S0419,S0073,colocation,3
S0142,S0095,amitie,2
S0378,S0317,colocation,3
S0209,S0027,colocation,1
S0137,S0036,amitie,2
S0138,S0033,cours_partage,3
S0131,S0296,colocation,2
S0198,S0348,amitie,1
S0387,S0075,amitie,1
S0300,S0021,amitie,4
S0261,S0206,amitie,1
S0128,S0082,amitie,3
S0489,S0292,cours_partage,2
S0132,S0089,amitie,3
S0363,S0283,cours_partage,3
S0409,S0368,cours_partage,1
S0161,S0412,amitie,3
S0310,S0139,cours_partage,2
S0097,S0235,amitie,1
S0411,S0471,amitie,2
S0371,S0180,amitie,2
S0377,S0312,colocation,1
S0239,S0220,cours_partage,4
S0173,S0236,amitie,4
S0290,S0316,amitie,3
S0052,S0078,amitie,1
S0223,S0476,colocation,4
S0220,S0322,amitie,4
S0276,S0184,amitie,1
S0466,S0388,amitie,2
S0353,S0337,amitie,4
S0499,S0468,cours_partage,4
S0158,S0205,cours_partage,4
S0026,S0493,amitie,2
S0397,S0223,amitie,4
S0436,S0487,amitie,2
S0122,S0064,cours_partage,2
S0081,S0189,amitie,2
S0057,S0301,amitie,4
S0243,S0444,amitie,2
S0444,S0102,colocation,3
S0204,S0408,cours_partage,1
S0467,S0114,amitie,1
S0129,S0462,cours_partage,4
S0121,S0318,amitie,4
S0391,S0193,cours_partage,3
S0197,S0341,cours_partage,3
S0204,S0147,cours_partage,2
S0440,S0047,amitie,1
